id,first_name,last_name,email,gender,ip_address,age
1,Antonia,Spargo,aspargo0@sakura.ne.jp,Female,239.123.58.163,1
2,Selie,Heinemann,sheinemann1@census.gov,Female,75.9.42.13,65
3,Evangelin,Pautard,epautard2@so-net.ne.jp,Genderfluid,186.107.212.214,30
4,Oneida,Arrington,oarrington3@paginegialle.it,Female,179.2.155.192,30
5,Rollin,Vose,rvose4@berkeley.edu,Male,181.22.117.206,63
6,Abby,Thornbarrow,athornbarrow5@istockphoto.com,Male,138.10.173.159,76
7,Britte,Mould,bmould6@apple.com,Female,217.255.78.100,26
8,Westbrooke,Ortiga,wortiga7@ehow.com,Male,25.230.166.137,42
9,Laurence,Sparke,lsparke8@purevolume.com,Male,176.8.33.217,44
10,Krystyna,Gummow,kgummow9@hubpages.com,Female,5.191.98.231,4
11,Steffi,Bonifas,sbonifasa@wikimedia.org,Female,226.193.27.197,31
12,Rowena,Sapir,rsapirb@comsenz.com,Female,110.88.65.114,72
13,Joleen,Bacchus,jbacchusc@wordpress.org,Female,221.127.28.118,7
14,Glenden,Wieprecht,gwieprechtd@hao123.com,Male,158.195.84.143,83
15,Gerladina,Smails,gsmailse@ucoz.ru,Female,197.130.136.74,92
16,Sayre,McCathie,smccathief@hc360.com,Male,204.238.231.221,85
17,Connor,Velten,cvelteng@businesswire.com,Male,90.216.122.75,96
18,Woodman,Scupham,wscuphamh@usnews.com,Male,94.59.12.184,9
19,Mackenzie,Brecknall,mbrecknalli@indiatimes.com,Male,163.240.51.131,26
20,Kendrick,Woolmington,kwoolmingtonj@shutterfly.com,Male,139.169.175.41,49
21,Letizia,Drysdale,ldrysdalek@istockphoto.com,Female,11.60.110.213,100
22,Kara,Bambrough,kbambroughl@themeforest.net,Female,27.161.46.114,65
23,Rebekkah,Couldwell,rcouldwellm@theatlantic.com,Female,52.106.6.174,8
24,Si,Jarrad,sjarradn@storify.com,Male,67.183.129.171,98
25,Bengt,Birley,bbirleyo@4shared.com,Male,172.96.156.7,11
26,Terri,Nairne,tnairnep@xrea.com,Female,81.34.69.23,40
27,Ring,Craigie,rcraigieq@jimdo.com,Male,69.166.136.70,34
28,Kipper,Covert,kcovertr@example.com,Male,234.226.223.24,37
29,Wendy,Charopen,wcharopens@hatena.ne.jp,Female,98.138.247.111,5
30,Malorie,O' Bee,mobeet@pen.io,Female,74.145.185.222,63
31,Wenona,Ship,wshipu@netvibes.com,Female,85.144.209.234,42
32,Marcie,Coultas,mcoultasv@photobucket.com,Female,196.243.126.61,7
33,Danit,Corneliussen,dcorneliussenw@mapquest.com,Female,249.65.184.114,82
34,Risa,Cockaday,rcockadayx@mapy.cz,Female,37.140.54.232,71
35,Raffarty,Farloe,rfarloey@ox.ac.uk,Male,109.81.44.22,63
36,Dreddy,Admans,dadmansz@irs.gov,Female,198.33.101.218,76
37,Mandy,Kubiczek,mkubiczek10@unblog.fr,Female,5.153.23.57,2
38,Bernete,Paddle,bpaddle11@house.gov,Female,135.219.82.243,50
39,Alana,Daly,adaly12@qq.com,Female,83.245.251.130,19
40,Dyana,Pleaden,dpleaden13@gmpg.org,Female,245.35.93.124,93
41,Con,Wherton,cwherton14@pcworld.com,Male,140.21.189.197,96
42,Hugh,Joderli,hjoderli15@comcast.net,Male,163.255.234.25,26
43,Melinda,Spicer,mspicer16@lulu.com,Female,16.115.58.193,32
44,Oran,Shelmardine,oshelmardine17@tamu.edu,Non-binary,179.22.83.20,31
45,Bear,Wearn,bwearn18@nih.gov,Male,247.38.14.202,71
46,Roth,Coldman,rcoldman19@uiuc.edu,Male,205.137.191.161,59
47,George,Sercombe,gsercombe1a@businessweek.com,Male,234.194.220.182,24
48,Padraig,Godbold,pgodbold1b@mapy.cz,Male,131.152.107.75,75
49,Abey,Brafield,abrafield1c@ning.com,Male,33.199.179.43,19
50,Kenny,Hirtz,khirtz1d@creativecommons.org,Male,108.22.147.186,89
51,Laurent,Niece,lniece1e@foxnews.com,Male,248.201.121.191,89
52,Faunie,Snoding,fsnoding1f@altervista.org,Female,236.196.20.57,6
53,Milicent,Brownrigg,mbrownrigg1g@huffingtonpost.com,Female,51.213.115.118,35
54,Gerri,Erskine Sandys,gerskinesandys1h@indiegogo.com,Female,193.19.22.100,32
55,Ilise,Wiffler,iwiffler1i@china.com.cn,Female,55.62.12.74,100
56,Ferdinand,Dell'Abbate,fdellabbate1j@jalbum.net,Male,124.211.157.24,13
57,Marice,Desseine,mdesseine1k@youtu.be,Female,101.57.130.10,42
58,Leonelle,Loder,lloder1l@unblog.fr,Female,214.240.48.163,65
59,Gerrie,Robeson,grobeson1m@github.com,Female,25.222.241.128,22
60,Windy,Enstone,wenstone1n@google.de,Female,202.78.230.131,94
61,Trent,Garrard,tgarrard1o@flickr.com,Male,72.133.128.75,17
62,Erena,Ende,eende1p@sbwire.com,Female,242.97.138.188,60
63,Isobel,Duckham,iduckham1q@naver.com,Female,236.145.85.104,25
64,Catriona,Silcox,csilcox1r@vkontakte.ru,Genderfluid,28.48.182.135,16
65,Erskine,Osichev,eosichev1s@go.com,Male,101.246.153.71,44
66,Wanda,Halston,whalston1t@1688.com,Bigender,197.86.236.27,83
67,Corina,Tollet,ctollet1u@dailymail.co.uk,Female,177.135.69.196,2
68,Lorne,Ninnis,lninnis1v@diigo.com,Genderqueer,96.34.113.221,75
69,Shaughn,Jeske,sjeske1w@vimeo.com,Male,157.90.160.162,1
70,Nananne,Tuson,ntuson1x@reverbnation.com,Female,33.13.121.170,90
71,Consuela,Glyde,cglyde1y@ezinearticles.com,Female,30.30.161.189,87
72,Theda,Bouette,tbouette1z@scribd.com,Female,165.86.200.137,79
73,Allin,Kenvin,akenvin20@hao123.com,Male,199.148.68.253,12
74,Daffie,Aldgate,daldgate21@51.la,Female,121.28.245.50,35
75,Paddy,Campbell-Dunlop,pcampbelldunlop22@clickbank.net,Male,204.163.29.193,65
76,Kev,Faier,kfaier23@jimdo.com,Male,232.139.180.65,19
77,Carleton,Janney,cjanney24@360.cn,Male,187.49.4.140,39
78,Jock,Sumbler,jsumbler25@toplist.cz,Male,16.102.112.192,3
79,Gavan,Sincock,gsincock26@unblog.fr,Agender,219.153.206.30,60
80,Cyndie,Sorrie,csorrie27@soundcloud.com,Female,218.199.138.50,32
81,Jobie,Karpmann,jkarpmann28@cbsnews.com,Female,41.203.140.147,78
82,Shena,Swires,sswires29@angelfire.com,Female,195.196.108.123,52
83,Torey,Gideon,tgideon2a@noaa.gov,Female,161.190.37.232,92
84,Dorrie,Peperell,dpeperell2b@cbslocal.com,Female,33.190.154.0,25
85,Idette,Hadlow,ihadlow2c@howstuffworks.com,Female,147.5.250.173,13
86,Farleigh,Stallion,fstallion2d@trellian.com,Male,4.50.76.17,99
87,Blythe,Megroff,bmegroff2e@artisteer.com,Female,242.125.236.4,30
88,Stewart,Schwier,sschwier2f@ebay.co.uk,Male,252.122.185.57,40
89,Iorgos,Dmitrienko,idmitrienko2g@cocolog-nifty.com,Male,50.28.53.219,34
90,Chicky,Durrance,cdurrance2h@ibm.com,Male,63.188.141.204,96
91,Roger,Lacasa,rlacasa2i@usgs.gov,Male,36.236.163.8,51
92,Johnnie,Dubs,jdubs2j@google.pl,Genderfluid,6.55.45.56,25
93,Cookie,Beachamp,cbeachamp2k@edublogs.org,Female,185.213.214.189,68
94,Kara-lynn,Cottom,kcottom2l@sphinn.com,Female,75.53.75.15,60
95,Sheelagh,Winmill,swinmill2m@wunderground.com,Bigender,110.103.193.238,71
96,Ewell,Shurmore,eshurmore2n@bloomberg.com,Male,74.225.204.64,91
97,Zared,Scallan,zscallan2o@cafepress.com,Male,3.56.97.81,94
98,Bernardo,Alp,balp2p@exblog.jp,Male,100.132.174.181,84
99,Massimo,Buckell,mbuckell2q@redcross.org,Male,173.116.128.107,88
100,Chloris,Kilroy,ckilroy2r@lulu.com,Female,72.45.182.157,73
